"mediauri","title"
"http://ada.cinepoetics.org/resource/media/6d72412159921bd0c05291ea08d56e883da74b06947a1bc42dc8714e4f4d1cea","In Debt We Trust: America Before the Bubble Bursts"
"http://ada.cinepoetics.org/resource/media/009142b7b1c55eee6b9ec0ca8a261254cb6d3263348ee633fffa4cf96c3699ce","Plunder: The Crime of Our Time"
"http://ada.cinepoetics.org/resource/media/30bc2f16801b341f8275778b40c4692c3e318334fb4126b3421a6b6ee8a0562f","Dreams for Sale: Lehigh Acres and the Florida Foreclosure Crisis"
"http://ada.cinepoetics.org/resource/media/c115a200b27e4a021983a5c090c3cd45de482e8676a7fb8f0a83b6482f7d6518","Verbranntes Geld"
"http://ada.cinepoetics.org/resource/media/f7ea66f98c024ab11a620465f5e88611f07be98a537e5c0e6a41541970544b19","Maxed Out"
"http://ada.cinepoetics.org/resource/media/3583b4e5f9d215b48e007b8fae03654e0293ed54499c7cc3421d950b6bff555f","Gier und Größenwahn: Wie die Banken die Politiker über den Tisch zogen"
"http://ada.cinepoetics.org/resource/media/709e5f721affa671365e1500f9de7bf056a35f2665d0d6582a7debc86f111b7c","How the Banks Never Lose"
"http://ada.cinepoetics.org/resource/media/a76c2929054504115f7e7477e1c2da52e7e03e98c3b0f1829354e91dc390c506","The Flaw"
"http://ada.cinepoetics.org/resource/media/f9f7ac7a439fa7ebd603235341260634b077b38e581d9503bf3cf73219bd34a8","Collapse"
"http://ada.cinepoetics.org/resource/media/7afa3036a914e235a3bc13fbb809dddf53dabc93457007226a442c9859bf2626","The Love of Money: Back from the Brink"
"http://ada.cinepoetics.org/resource/media/ca94bac849cd9d6321952d658ffc91ec54d2e710048d83a166f704fe3388c432","The Love of Money: The Age of Risk"
"http://ada.cinepoetics.org/resource/media/d77276f862edbdcd92d4082df400f82cd8f87228ba3e7b2fccc1874b4353aa4a","The Love of Money: The Bank That Bust the World"
"http://ada.cinepoetics.org/resource/media/aa2b6f3229a6668f54d5050e433e548d45980b05e829756e34932be3787a397e","Memoria del Saqueo"
"http://ada.cinepoetics.org/resource/media/fa99a3d4e888148bf113639d4f2a5dc58609a61cd39643cd92a0de3a0d71121d","Tagesschau 2007-07-26"
"http://ada.cinepoetics.org/resource/media/d4a87c99da900342d50e8623e4ccb9d9829f1384bafdd02fea2d993d32be0828","Tagesschau 2007-07-27"
"http://ada.cinepoetics.org/resource/media/b7f9b6683eac85e53cc8112229acc2e13d6ed66992de18626c2f2a13c3201fb9","Tagesschau 2007-08-02"
"http://ada.cinepoetics.org/resource/media/23644716cb9dd60066664d7de017b484e2544af32c7c057855865f494dc56f91","Tagesschau 2007-08-10"
"http://ada.cinepoetics.org/resource/media/e8d4f482a480d801bdb25f5751df75ff97c8dfd4278e96c517ebe12036be7c2a","Tagesschau 2007-08-13"
"http://ada.cinepoetics.org/resource/media/f50422d522935eb2ba14d84c82ebb1664f29e01e6b2e21c5d2ccbf2b5293fc61","Tagesschau 2007-08-16"
"http://ada.cinepoetics.org/resource/media/4acc3c0ae02b63ae55fa538783aad7f131d10a36fb4842cb7f1affb29320ef8c","Tagesschau 2007-08-18"
"http://ada.cinepoetics.org/resource/media/ea3dfb23c9296da6210b66e9edd43de3b684ff09e91e01ff6db070022f9dacab","Tagesschau 2007-08-27"
"http://ada.cinepoetics.org/resource/media/da248f9a50fb33c018c98edd7ce4db79a4787615d02192e8fbcd3bef234e9970","Tagesschau 2007-08-29"
"http://ada.cinepoetics.org/resource/media/f6dd39c7afb691f8a81d5ba5469ad4e423e141d43ef333bc934930b261146fe6","Tagesschau 2007-08-30"
"http://ada.cinepoetics.org/resource/media/e3f03969e884b00cb9382a36055e45b221b2594530ad39d6d2c0f84166fc299d","Tagesschau 2007-10-25"
"http://ada.cinepoetics.org/resource/media/f67d55d4ed683a7a1e316d536c37a6229a340c9dacd8a11dae55cc3a2f8bd79c","Tagesschau 2007-10-31"
"http://ada.cinepoetics.org/resource/media/5c824ca7a6878dd97bb598a10e8eb78b2059bd24412ffb1e18a0a4c2ae7f0a9a","Tagesschau 2007-11-01"
"http://ada.cinepoetics.org/resource/media/fb27189e80f8029e355dfe4bc21551afd36597c5a2dd3e3840b2f35516721e81","Tagesschau 2007-11-29"
"http://ada.cinepoetics.org/resource/media/548f8c35c7450192897d3252b0ce5237b208893956d1a4786eb8bea92c761fb6","Tagesschau 2007-12-13"
"http://ada.cinepoetics.org/resource/media/81329f3f9b2a1e3ce0498e86216b2d9bb7c2fa7ab3e58a87e1d20fade7d131fe","Tagesschau 2008-01-02"
"http://ada.cinepoetics.org/resource/media/9c2c1cfdc7dfc4703e6aad0c7f793c422a18de3957ba23b04b86cfa24dd8f457","Tagesschau 2008-01-03"
"http://ada.cinepoetics.org/resource/media/a290016c9da12af2b3634f35544eeba7c1dbf1fdfeeb3eb630f5a4cb18f72280","Tagesschau 2008-01-17"
"http://ada.cinepoetics.org/resource/media/51be3c07433f3743be424e4654070599dd543beb681cc3f6b81774e0819ecb89","Tagesschau 2008-01-20"
"http://ada.cinepoetics.org/resource/media/08a70fee1b4545ab60e9f40c32a71d1fcde08e6ec9897f1104a4a17cc63e4ab0","Tagesschau 2008-01-21"
"http://ada.cinepoetics.org/resource/media/fd9045b44085aa4db7a0b82befce41a4fd74c228ef02038846836ce87ab6176f","Tagesschau 2008-01-22"
"http://ada.cinepoetics.org/resource/media/04be04877cc6365053af69226110503a98ebde97b3804d8e4ba164dc4689df06","Tagesschau 2008-01-23"
"http://ada.cinepoetics.org/resource/media/09d1c67157d71e7be065b1414807cc20b5ce6713b53bb581b5a5861118afbf44","Tagesschau 2008-01-24"
"http://ada.cinepoetics.org/resource/media/50f402444048142d5c9bfc914c464b678569aebe67232455c302463d8c370630","Tagesschau 2008-01-26"
"http://ada.cinepoetics.org/resource/media/b0fbdc6805c40c061cbf96b32f1f3672c6b25b0fca70040c99a810cedbbde7ab","Tagesschau 2008-02-01"
"http://ada.cinepoetics.org/resource/media/7978abc471601c8163269ee5573facc0b63dcfc998f1532058da6c170f44637e","Tagesschau 2008-02-07"
"http://ada.cinepoetics.org/resource/media/e7c9d16d28014cfd4d00638aa6d23d44ad7eb8cd2322e2a52c1dbe3188014e0b","Tagesschau 2008-02-08"
"http://ada.cinepoetics.org/resource/media/d0b7f0fe9b8b72ab027fddab188da0a4d698fa501689a046e3e8c7c1b497b3ba","Tagesschau 2008-02-09"
"http://ada.cinepoetics.org/resource/media/e750b9d78370f3e1a159c623d88ebfd714e06e92200aa00337b5b8b9e02abce9","Tagesschau 2008-02-13"
"http://ada.cinepoetics.org/resource/media/e3339be533205f812bd6d5d9b8d843f562399334227427adeb3ef25c6612f9c6","Tagesschau 2008-02-14"
"http://ada.cinepoetics.org/resource/media/b0c2e4dce02101e52a799d206fbc785a852a49633f0f796d6e4c32f0e1a21fc9","Tagesschau 2008-02-15"
"http://ada.cinepoetics.org/resource/media/4bfbb34c17ef087799fc2847a6ee396b8dbcb87afdd812ed3c9f8b58f5bb7b86","Tagesschau 2008-02-17"
"http://ada.cinepoetics.org/resource/media/92b418f3acdf8e4d11c6b445cce6d270cda460344d3ce64d88d8cddf57fb4bcb","Tagesschau 2008-02-19"
"http://ada.cinepoetics.org/resource/media/18a541d8404d2c1870ea31c0b464e223d1985214ea0d8d7c9e90702a3f415df0","Tagesschau 2008-03-18"
"http://ada.cinepoetics.org/resource/media/4b52fc0b1cd1d5d0b773f9201d391912d3ecd8a7aa2da318fec684a1bc8f3e64","Tagesschau 2008-03-20"
"http://ada.cinepoetics.org/resource/media/2913576c4b39166b460e097c89abd9038ca452f15c2a8755accd247947885ebb","Tagesschau 2008-03-26"
"http://ada.cinepoetics.org/resource/media/df760127b2603e18a70fbdd4453cad3143ed5893ed9d8ecdd43a7e10f4aed815","Tagesschau 2008-03-27"
"http://ada.cinepoetics.org/resource/media/87516ac00146f053c4623fec9f53b9d0d271c8d261df9c5d71d958117274c26a","Tagesschau 2008-03-28"
"http://ada.cinepoetics.org/resource/media/63328cc5c689bf2a54afaa9ba24cd78d3a700a2fca2d302eb18a705879248bb9","Tagesschau 2008-03-29"
"http://ada.cinepoetics.org/resource/media/5b4eb0d74927919c5d168a911a98905cdc48caeae0acf69069a10b081048f5cc","Tagesschau 2008-03-31"
"http://ada.cinepoetics.org/resource/media/233c7a52c52b0497d91a460a1aea5b289dc86caf5388fb419a4aeca5651e909b","Tagesschau 2008-04-01"
"http://ada.cinepoetics.org/resource/media/e0cdd7137e5b03a38599ae62b3985d2bcd5e9009a72fff14df029841bdce56d8","Tagesschau 2008-04-02"
"http://ada.cinepoetics.org/resource/media/365552a5895ca2e56713a31bf1fe5f1f2bc52314e73bb1c6d8b65912b2b99cba","Tagesschau 2008-04-03"
"http://ada.cinepoetics.org/resource/media/717409e4b780817f8b41ac8168098d1f203e9dd9157a27437243e4c95231b781","Tagesschau 2008-04-09"
"http://ada.cinepoetics.org/resource/media/e33f1b2ecc7e6c375e72cc2174b9b56dcca3af6b7380d33e4d8c28793802b0d9","Tagesschau 2008-04-11"
"http://ada.cinepoetics.org/resource/media/54837061e6da16abfc0db131c6d7da0c7c6d5da1d3feed4179d428330165ee63","Tagesschau 2008-04-13"
"http://ada.cinepoetics.org/resource/media/e958a128a05ee731aebf43d7649560258e9b410b999d9058482bcb1fd3069dd0","Tagesschau 2008-04-14"
"http://ada.cinepoetics.org/resource/media/b6ed406d9209a2b417f99e172eb4fee09d35dcc0dfd04935bc48c0340b96e7c3","Tagesschau 2008-04-17"
"http://ada.cinepoetics.org/resource/media/7905bf3c69b720a09f97a303c0d0f16da6a17ecab47bd4db42952dde74b1c17d","Tagesschau 2008-06-02"
"http://ada.cinepoetics.org/resource/media/b47ff80f06d18a4aff4c7139553829f0d3164b61e1e20d3d326eb32f3545ef41","Tagesschau 2008-06-07"
"http://ada.cinepoetics.org/resource/media/4db09fd16a2bbfacae9a5c1fa9e916ec56a2411921b402456cf47057decdb370","Tagesschau 2008-06-17"
"http://ada.cinepoetics.org/resource/media/3911cf8efa9aca7c83258442aa48a9f5bcf790378349be0bcc155bc095e16d0f","Tagesschau 2008-06-27"
"http://ada.cinepoetics.org/resource/media/241162d895e9a0f95dde06e9a22e431cd2de6be4a5f84a2f6268ee2436dda92d","Tagesschau 2008-07-03"
"http://ada.cinepoetics.org/resource/media/ff40b027fb84a7d66ed6f7a4ca58398302ec8cc38509f39e27c562280132aa25","Tagesschau 2008-07-12"
"http://ada.cinepoetics.org/resource/media/c241583b436772efe04a51c3581cde707336864b325085f221f98f22e2a74666","Tagesschau 2008-07-15"
"http://ada.cinepoetics.org/resource/media/f4b528c7954ff679f51e05516cabded570d742cd05dc8e8d56f22bb3c026994c","Tagesschau 2008-08-01"
"http://ada.cinepoetics.org/resource/media/3ee125abc3f86dbe3d87c31525cda6cbd8108afc86d1f35779d3b81508af05bf","Tagesschau 2008-08-21"
"http://ada.cinepoetics.org/resource/media/434ce2d6fa97a98dd78bc6ece8049f2c3102cc348f224db53e96f87a52d8ffe6","Tagesschau 2008-08-23"
"http://ada.cinepoetics.org/resource/media/4fb2ae490a426d54d6e934352d35bfea368fcbf5adc7ea80d3673e90d7142594","Tagesschau 2008-09-01"
"http://ada.cinepoetics.org/resource/media/acf1fece68a0a33b2d5acc6a68c2affd4913296935bf37a21e0444aa386e2f7b","Tagesschau 2008-09-08"
"http://ada.cinepoetics.org/resource/media/1d710848a02dd075d1b69a98a6757c4f2c86d80890b81ec91ca0b08586f56e9f","Tagesschau 2008-09-12"
"http://ada.cinepoetics.org/resource/media/5809c676292e9c052f7580029e4370fff32ffa21acaf3cc439804e243cae0c2d","Tagesschau 2008-09-13"
"http://ada.cinepoetics.org/resource/media/4e5e2e18b71e78e8f2bfc72b1d5885661ca83c0299cb52b604a62322ec194b61","Tagesschau 2008-09-15"
"http://ada.cinepoetics.org/resource/media/2eb6f50cbe8cb479a8fe7abdfd458efaa82637230891f9de3a6cf98a96aaf1da","Tagesschau 2008-09-16"
"http://ada.cinepoetics.org/resource/media/337d83cf04fd4b0a44052041975463b547d3bc9ba3e9ab9993c6a88a685fbb55","Tagesschau 2008-09-17"
"http://ada.cinepoetics.org/resource/media/cd62a224c3b162e1ae52330493ea756bcc780424922a1f4174a21441d1ea3906","Tagesschau 2008-09-18"
"http://ada.cinepoetics.org/resource/media/60ec0289a40adf498dc45b1b66b267e621bccb43631038636ad503d95ffc29df","Tagesschau 2008-09-19"
"http://ada.cinepoetics.org/resource/media/f4aa8bdb99e7d530f115541f5a85e93a6299fcd229cd361e807378ba9c8d9b82","Tagesschau 2008-09-20"
"http://ada.cinepoetics.org/resource/media/caf97301de9ced631d0ad4a4081bc3af41f3a21be8d86f3ca26b0c2539876c19","Tagesschau 2008-09-21"
"http://ada.cinepoetics.org/resource/media/b58bfc4ce43fcccdbf213ba990f94cf8d0cdb7933f6fdb44272a7a5b49b45433","Tagesschau 2008-09-22"
"http://ada.cinepoetics.org/resource/media/4581aa5bf8d811fc0ca1755f179f4ce89fafeb107009875c6d803ee6102b0740","Tagesschau 2008-09-23"
"http://ada.cinepoetics.org/resource/media/79dbcc9bd057a1b99965ceeb5f4b2c8c92fda3ca301e84d6b5266395b3a13865","Tagesschau 2008-09-24"
"http://ada.cinepoetics.org/resource/media/63372632f7dfd6322a1bae824f99314ffbdfebed75a7bb0827648b0f5cad3281","Tagesschau 2008-09-25"
"http://ada.cinepoetics.org/resource/media/07fb5c2be3f5273ddfc0d0a4dca384bcb03953e3734e1903df9beb01047befde","Tagesschau 2008-09-26"
"http://ada.cinepoetics.org/resource/media/d62689a81e12d94eb6b544b62dfed8ff24cd9a9f55faf1183a21a1a5a2a19987","Tagesschau 2008-09-29"
"http://ada.cinepoetics.org/resource/media/255103064330b6875e0169fb6897d4303b3ecb40817c63178bdd5ce6f7ae3cbe","Tagesschau 2008-09-30"
"http://ada.cinepoetics.org/resource/media/3c0f581b5034618e60dbfafc0d53cedd01c808082b302e4901b7a627830ced02","Tagesschau 2008-10-01"
"http://ada.cinepoetics.org/resource/media/16d7cd980a6b2a1dff413870c386ca722cee1fba439f0e39d883223f0e8e39ae","Tagesschau 2008-10-02"
"http://ada.cinepoetics.org/resource/media/b96c9ffe3232c59476221f0fcc1341d98a1043ebf7264d1940e7a96f6697feb1","Tagesschau 2008-10-03"
"http://ada.cinepoetics.org/resource/media/ffeec96b7497ee5c9100f3f0c0b2a9a0a72ea6d78b5a6e875b06f506eac1107c","Tagesschau 2008-10-04"
"http://ada.cinepoetics.org/resource/media/f7e2596f2bcbd8990676c952d399eeffa48085dc810aecfffe748930d808d105","Tagesschau 2008-10-05"
"http://ada.cinepoetics.org/resource/media/baca9b66914ebef20283bf19e41f302e9ef1dc5221cde23c1925f03ba7258883","Tagesschau 2008-10-06"
"http://ada.cinepoetics.org/resource/media/a7526f5351d89af6de368994a2d1b42742c18dd3c394c77483b0594c1fc83b68","Tagesschau 2008-10-07"
"http://ada.cinepoetics.org/resource/media/3234f5bca1c7bde06f5c6bcbe11059cda538c60fe0cb9afef65027dbebb8aabd","Tagesschau 2008-10-08"
"http://ada.cinepoetics.org/resource/media/3a7c12e3a5a185a9a109207e3fed8609208b3961e68e0560720799c39befb5bc","Tagesschau 2008-10-09"
"http://ada.cinepoetics.org/resource/media/6965f942bb03bef97762712e22136180669bc941756d9802a18a760e31979a9d","Tagesschau 2008-10-10"
"http://ada.cinepoetics.org/resource/media/e4bf2a7f231f7a1c31b5bfa065049ad2e783d763a36f684be8ed23f268f035e6","Tagesschau 2008-10-11"
"http://ada.cinepoetics.org/resource/media/207b577d5206f22512e088a3c33524fb250fe94c168d68ce49ddfe6de4de75f3","Tagesschau 2008-10-12"
"http://ada.cinepoetics.org/resource/media/10310d89b5a19e7bd87f8cbe05a31f6f654fb3f86eba5bb89160d1d7b7cea79a","Tagesschau 2008-10-14"
"http://ada.cinepoetics.org/resource/media/69e85734c0b00598441e875ffeb5b147df1e3741500ef4469a2aac67b8bf904a","Tagesschau 2008-10-15"
"http://ada.cinepoetics.org/resource/media/8ef2df53f706bc24772c26500a9de9a2e0e7bec9c15db5442e88a21ff43310ba","Tagesschau 2008-10-16"
"http://ada.cinepoetics.org/resource/media/393f55820294afeeea1e477ec4822293413390f2f6ff3fba80d9659c710b378c","Tagesschau 2008-10-17"
"http://ada.cinepoetics.org/resource/media/a5383bc648e3bef26f7977790be25ddb61ac2e06832768f03c3dd449ef615b44","Tagesschau 2008-10-18"
"http://ada.cinepoetics.org/resource/media/ad0de88429b769d43d4b804f00f35455e97ebd42894b22a743bb2611b1be6ead","Tagesschau 2008-10-19"
"http://ada.cinepoetics.org/resource/media/f562e8394d7d79c89842a6fffd3b8f843c51dc979467768f06237cba8d459039","Tagesschau 2008-10-20"
"http://ada.cinepoetics.org/resource/media/199002b27d9f4eed820788df76b0c380970f3b587991b6b0a593090e3d281deb","Tagesschau 2008-10-21"
"http://ada.cinepoetics.org/resource/media/3b6b3785b1c9ad635cbf5f7a6a940851794ec511204c3244ba5ccbc21199e590","Tagesschau 2008-10-22"
"http://ada.cinepoetics.org/resource/media/f89bb13263e6f9eac3f87e0ad20514f4087b6d55cf08fe4d56e29b9415103042","Tagesschau 2008-10-23"
"http://ada.cinepoetics.org/resource/media/ecb9014b34907887d3aaf4e9b5fd2e48b1168cd2f90777dce46abb217c13a8a3","Tagesschau 2008-10-24"
"http://ada.cinepoetics.org/resource/media/085fa4be01abdb45b027cdbcb2076112231f597369c528e3561551ab68bb62f0","Tagesschau 2008-10-25"
"http://ada.cinepoetics.org/resource/media/1c39533864525f8297d349bc73534e2923d808740984207218e140a746295367","Tagesschau 2008-12-12"
"http://ada.cinepoetics.org/resource/media/1227c7a97fe7eac4d7c4cc134086e81c2f18d020d1b12c0931a503c4d74e56d0","Tagesschau 2008-12-15"
"http://ada.cinepoetics.org/resource/media/5a95a674a9b2228dbdf17b8414c4f87118cc0fe99350959df7da5c38e10a249f","Tagesschau 2008-12-16"
"http://ada.cinepoetics.org/resource/media/b8e838c1dc62c87d3aedef8c4f07ccc731102fb4199a270246f3e228e7ec591e","Tagesschau 2008-12-17"
"http://ada.cinepoetics.org/resource/media/7df0ad5654b5995e5e0a926b63b2496d776f03b2bdc16585da87971d542cda32","Tagesschau 2008-12-18"
"http://ada.cinepoetics.org/resource/media/423d6ceaf0be40275e52d7d055fb37065728c90c0883d8502a530c32aec4d312","Tagesschau 2008-12-20"
"http://ada.cinepoetics.org/resource/media/cc757b0d47c8edb64aada0387549b4549e374e2a59eba988401fd1841cad1795","Tagesschau 2008-12-21"
"http://ada.cinepoetics.org/resource/media/24b23f68372ef3fbae8491ae39a0cba87d46dd82d2b6b1d39eb10b86ffbbbc4a","Tagesschau 2008-12-22"
"http://ada.cinepoetics.org/resource/media/45b5888ea64018def4aa7402144e2211400591ae2496786e5806102c27a56a1f","Tagesschau 2008-12-23"
"http://ada.cinepoetics.org/resource/media/dd86849dc228681915ddec2b5c37f2824d1156dcafc06b689f67ade76997ec55","Tagesschau 2008-12-24"
"http://ada.cinepoetics.org/resource/media/3c2fab21dde89c9a30a753265eaea61e21e6990d16c800ec5ca2b23e40e66e64","Tagesschau 2008-12-27"
"http://ada.cinepoetics.org/resource/media/bd373dc8fcdb154897ec1ff5c7053c95966ad993692890f640dc0d55ab193c94","Tagesschau 2008-12-28"
"http://ada.cinepoetics.org/resource/media/78263f265d4619b275cc0346f0946acbfcbf3a5d058fa1935e222000365e8475","Tagesschau 2008-12-29"
"http://ada.cinepoetics.org/resource/media/a2e83d7a40a83c570555ac758d23b6e8680dfe96257b40f2119a4882751f75bd","Tagesschau 2008-12-30"
"http://ada.cinepoetics.org/resource/media/e5de6b9c466ad852f3aa0cfebd2369e2a6ee66367e63430c2f9a2b78152882aa","Tagesschau 2009-01-05"
"http://ada.cinepoetics.org/resource/media/3cf5bcff5e5f05c166c5fd6a1b60e7580d19a00099e35eebcd81dcfd19000088","Tagesschau 2009-01-06"
"http://ada.cinepoetics.org/resource/media/956de147a095045a65cb096b3654ebea05190687f87ce481ec67f3a2fb054a06","Tagesschau 2009-01-08"
"http://ada.cinepoetics.org/resource/media/1c1b0f56a29bf4d9c89dff0ad912ae001a2c79d8c77b50bded99c63395ac290c","Tagesschau 2009-01-09"
"http://ada.cinepoetics.org/resource/media/01aaa28356d12635598e5e825f18a8ce75c42aeefa9c0cc0c7df98e242008f49","Tagesschau 2009-01-12"
"http://ada.cinepoetics.org/resource/media/e9cdb44356dd83b23b4597b631dae897db3c3351d5b48423cb3144c844bec702","Tagesschau 2009-01-13"
"http://ada.cinepoetics.org/resource/media/5b4baffb2abf78d106288580e56fe41b65af507535626930ff744d4306e3504c","Tagesschau 2009-01-14"
"http://ada.cinepoetics.org/resource/media/252ed6f44c0675ec33dc2cf3b2d3d90264443d6aa658d1098ab61c79610211eb","Tagesschau 2009-01-15"
"http://ada.cinepoetics.org/resource/media/41d11dbdf300736d2d81b6da41de3e4b7a1f1c3933a2688068b40652de8ff998","Tagesschau 2009-01-19"
"http://ada.cinepoetics.org/resource/media/cd1744b2798321de0b4d5a63825dceae42a1cbab5be59256fca8ad767b031f7d","Tagesschau 2009-01-20"
"http://ada.cinepoetics.org/resource/media/81b5e6bf60889cbe85aea8ac8595b2909ec5c7b88422eb4fd5b03378a155161a","Tagesschau 2009-01-21"
"http://ada.cinepoetics.org/resource/media/aca0ce89e64d66e775a8db5969bfa7c5bf9f8881ffb4a3af73eebb5dbb9decca","Tagesschau 2009-01-22"
"http://ada.cinepoetics.org/resource/media/a0a60ea82013a06a6724298f67d6ccd27f8f3260c8fbefa4f294bf4e51d22363","Tagesschau 2009-01-24"
"http://ada.cinepoetics.org/resource/media/2603e91bffe0ac755cbd07be14c4ab19c199d22003e4886dc02f8e982c5e8179","Tagesschau 2009-01-27"
"http://ada.cinepoetics.org/resource/media/840984d36caf44d6c6bfb26cc067aa11ebc6bd391476791f1e234a43da5db4c9","Tagesschau 2009-01-28"
"http://ada.cinepoetics.org/resource/media/bb30e855024f8421850b7217417dffeffc65f230ab32bb2a4d9d67b2c7ab1a6c","Tagesschau 2009-01-30"
"http://ada.cinepoetics.org/resource/media/db86ea72f6c78783293fdf916603b62cbbd9f1687e66bfdf3af622500276bff1","Tagesschau 2009-01-31"
"http://ada.cinepoetics.org/resource/media/f2335bc4ee2c5c28e643e621f32e8e192d2865be02f5af7c407d66064df2a05e","Tagesschau 2009-02-01"
"http://ada.cinepoetics.org/resource/media/39b61a44b294ff26247fc0f8303aa42b4c79d95f4fe7db32c0208991b6e347ab","Tagesschau 2009-02-02"
"http://ada.cinepoetics.org/resource/media/80913ef3314f59a66cbbdcdf20c80de6ff40852691469c2ebc4b91c30ddd4db2","Tagesschau 2009-02-04"
"http://ada.cinepoetics.org/resource/media/83c2ca73d15d259d8e2aff399097fea668bd78a093d89f546c3653154ea1dd4a","Tagesschau 2009-02-05"
"http://ada.cinepoetics.org/resource/media/d3df85138422798b2f668ec99e0059808b2598e491ef0e12627b7169d02c8895","Tagesschau 2009-02-06"
"http://ada.cinepoetics.org/resource/media/aef409c56aedc0211a69c0c8b367f8f072eb82ecb0ec4a2d0c118625169ba96c","Tagesschau 2009-02-07"
"http://ada.cinepoetics.org/resource/media/58653e60b6597947bf3335d07d2f3cfe94e70e15a1a7f26c245444683edc1b09","Tagesschau 2009-02-08"
"http://ada.cinepoetics.org/resource/media/7cf541e2babfbb50547e0562fb20d17534afd8690b7a5abd31742d47d3a5c15c","Tagesschau 2009-02-09"
"http://ada.cinepoetics.org/resource/media/6ad7b569595b18c71ea03017b1d35a05d2c97d38e0bca88ef989c6f61d78362b","Tagesschau 2009-02-10"
"http://ada.cinepoetics.org/resource/media/75956ab6cc13c119dd7ff647b181808abf2f44c11cae90f6f7307e91501b4270","Tagesschau 2009-02-11"
"http://ada.cinepoetics.org/resource/media/f20993c6844648c62d78cf41bd85931d63594e661c9bb79d0a2761c2df338315","Tagesschau 2009-02-12"
"http://ada.cinepoetics.org/resource/media/273887a46c3c1c29247165a46ffa23afad5d7f95c82ce84f6c292cf7f8b8312d","Tagesschau 2009-02-14"
"http://ada.cinepoetics.org/resource/media/b91bcfb30be6e554c14984de4b192e6d18f7dd2627047f464539b9bac6ec7e84","Tagesschau 2009-02-15"
"http://ada.cinepoetics.org/resource/media/bb51665ed746b5ebd6905d0040acd90b7ac6209292bd1bf1c9ff2764d8357a0a","Tagesschau 2009-02-16"
"http://ada.cinepoetics.org/resource/media/da84f6974cd6ceb3a5fc3a07dc7e08bec051a45da1dcf42432d6dd1500326342","Tagesschau 2009-02-17"
"http://ada.cinepoetics.org/resource/media/2abf44a8cb0250924d63d4125812ef33cb5e54d77a7811ae4409d62074c45365","Tagesschau 2009-02-18"
"http://ada.cinepoetics.org/resource/media/8d8c46ec6c94e12bc870c3031e7981167fbea448310c92383723ed2764b9369e","Tagesschau 2009-02-19"
"http://ada.cinepoetics.org/resource/media/848d6f23a984ce44c2fcdb054a03cb9d5dd084da46d7f856f8aeabf7f1376e61","Tagesschau 2009-02-20"
"http://ada.cinepoetics.org/resource/media/2b830daf85c5fc6e11c2692a43846de368f191455a41aec1cbf76ef2d080b318","Tagesschau 2009-02-21"
"http://ada.cinepoetics.org/resource/media/140ff43b9bde817f8bfd25e5950d4eb78e80e102efc8da529113e25144a3320e","Tagesschau 2009-02-22"
"http://ada.cinepoetics.org/resource/media/570886c3d485dd8ab7bc5f3fb29a013cdd7320d8ddeea6464d24ce2814d83a15","ARD-Brennpunkt: Kippt jetzt die Wirtschaft?"
"http://ada.cinepoetics.org/resource/media/ed66f005a66afe174bd217a101e6da20828b67c0372b695afe0b7d5abaf68981","Four Horsemen"
"http://ada.cinepoetics.org/resource/media/f4578c1afc3c3f10672c4d9a74895fc9ace009ab5051adc869afdd8644484676","Generation Zero"
"http://ada.cinepoetics.org/resource/media/071db24420b822f104a8124d9051106a4c64d45e82b8c12215dbcbca1abae88b","Master of the Universe"
"http://ada.cinepoetics.org/resource/media/2fc54ca5913a3ea7242bbfa7cbae09698dcf48617b0cf0ff830e2698ba18692e","Geld, Gier und Größenwahn. Die Schweiz im Sog der Finanzkrise"
"http://ada.cinepoetics.org/resource/media/3dda646db35e29d76de12913f7a0f677c2f9746ee2f5af82fa9917d0e2604250","10 Jahre nach der Finanzkrise: Die Party der Banker geht weiter"
"http://ada.cinepoetics.org/resource/media/1d0d813147a2f4478fdbd7741e2c8a6234c8dd6eeaa4d3cc8946615b7564d26c","Finanzkrise 2.0: Das Zocken geht weiter"
"http://ada.cinepoetics.org/resource/media/c6119e6ff41b2932e4ecf00fd1388cb75eb54333d0936e57348f6c44e9891401","Overdose: The Next Financial Crisis"
"http://ada.cinepoetics.org/resource/media/b176eefd679283dba2836837435584016aac68b31eb89264b9630bd285d42b6e","Cleveland Contre Wall Street"
"http://ada.cinepoetics.org/resource/media/e1748e0b4736eda8220335350dfd84944086a85abe938a50fb8652378bea0868","Der große Crash – die Pleite der Lehman Bank"
"http://ada.cinepoetics.org/resource/media/cbbb55ce3856b4f08b44a881b67da176abce621d8c7f7373b4207dc5b8dec33c","Morts à Crédit (Tod auf Raten. Wie Hauskredite die Wirtschaftskrise auslösten)"
"http://ada.cinepoetics.org/resource/media/9aa04aa15f62078593722055512b4c39a741d82a43e0fa4752e33db309d78f6c","Heist: Who Stole the American Dream?"
"http://ada.cinepoetics.org/resource/media/d6c2efb49d4430489e5c2029f6afa38032017395fe7498808ab08a4ed02524c9","Margin Call"
"http://ada.cinepoetics.org/resource/media/e2493012d4806aa7fa79427e7b5474131972c42a67ae37688cd0b698c7db137d","Debtocracy"
"http://ada.cinepoetics.org/resource/media/3ad945457cb96e124ae952a39278ccf66ed21f4fc5d50b000205c6ac2bc51da4","American Casino"
"http://ada.cinepoetics.org/resource/media/ad6394e9d4546bcc321b9377a40134e01fbda3ff472696e80d1e2ae20164ab49","Die Bank gewinnt immer! Von Krise, Kunden und Krediten"
"http://ada.cinepoetics.org/resource/media/3e8bbf9bb1c66800c1e9716f344d83957e72a9788f2359eb7b16ab13bcc84850","I.O.U.S.A."
"http://ada.cinepoetics.org/resource/media/d0d5a5dacd9d78ca8dd85c0132f86a39cf2ca21642a31bcf3a1b62df16bbcf10","Too Big to Fail"
"http://ada.cinepoetics.org/resource/media/6ffaf51e5040724cd40c4411fcb872474b653710e9c88271ec98efe549c71e01","Where Do We Go From Here? Occupy Wall St."
"http://ada.cinepoetics.org/resource/media/58462abc7eabf3eca3979151681ed49fa2e1b7716483cf9978255dc592a70221","Inside Lehman Brothers – Whistleblower packen aus"
"http://ada.cinepoetics.org/resource/media/cf047a36b6408805d6676f3d9b01b5a1abc500224dc49da5a86ef642d0b171f9","Der Bankraub"
"http://ada.cinepoetics.org/resource/media/1efe8238d70064653f065750f9b92e89505fcb16fa8bd5cf4b8c95b82dcc905c","Inside Job"
"http://ada.cinepoetics.org/resource/media/bd3b48f1acb3fba30e189227e85c8ff55ad16fc084975696c6665b781f60e8b9","For Sale: The American Dream"
"http://ada.cinepoetics.org/resource/media/9d40dec496f39eb3634c29fece421c68dc7c6d8e84371972279a7f2dcfcaa7da","Die Skandalbank (Les gangsters de la finance)"
"http://ada.cinepoetics.org/resource/media/04c65e9ff4a2d5a3046d68da85066ae4cc3d4f7ff0cd58c674c9554aa070a92e","Frontline: Money, Power, and Wall Street (1)"
"http://ada.cinepoetics.org/resource/media/17dcf69ddc6512d9f522c2f603996202f43ee678cc7a81536be56e4bfb63ddb7","Der Bankraub - Die Dokumentation"
"http://ada.cinepoetics.org/resource/media/0e60a8fac3f13a23be17582a0ba5e996d59cf78f76228a10866c4a95544abfa3","Die Jahrhundert-Pleite: Wie der Lehman-Crash die Welt veränderte"
"http://ada.cinepoetics.org/resource/media/8d9db36bec3ae9f2e76f5c61ec9153e03e0ef98e74b7475524f76958e40cfcea","Client 9: The Rise and Fall of Eliot Spitzer"
"http://ada.cinepoetics.org/resource/media/45aeaed5a4abe12cd959bd72333edb6c5ea5ac596a363cfe6860176edfe24c8f","The Party's Over: How the West Went Bust (Episode 2)"
"http://ada.cinepoetics.org/resource/media/e7d9e29af583fa2b6ba428bc75d1bccaf26d6992f62f18d12f23d3010584ab3b","Generation Wealth"
"http://ada.cinepoetics.org/resource/media/dc8075fc22b4ca7f1df0bb1f2890022f429a1ddb709ece4a3944ae3efc6d5c74","The Queen of Versailles"
"http://ada.cinepoetics.org/resource/media/bbaaa000b6c666feca303c6b86ffd06ebf975e2388e0b881623ed543c3a98039","Money as Debt"
"http://ada.cinepoetics.org/resource/media/cc7b6ab24756be959ee00e02ea82ddc75bd391d13ced918f6f11a0cf7c77530b","Money as Debt II: Promises Unleashed"
"http://ada.cinepoetics.org/resource/media/249ec1d23e9e8eb952fb82c53d42d93c05f34f005d4641d4be55a582b164c84a","Frontline: Breaking the Bank"
"http://ada.cinepoetics.org/resource/media/70919356c051678e2a8caa6023e2be49d61a2f9caf48b29b8ef0c91b9742c5b0","Frontline: Cliffhanger"
"http://ada.cinepoetics.org/resource/media/098c7cbefee6c33f64479071b08029e1807af988088d9b55c8f35c10b3652c41","Frontline: Inside the Meltdown"
"http://ada.cinepoetics.org/resource/media/cf46966aeb23af37bdd398a5f534e3f8f0fc102574e27757cb8c8008d3d0c90d","Frontline: Money, Power, and Wall Street (2)"
"http://ada.cinepoetics.org/resource/media/ade6f7d7ebef0350613c8851202a2034ca4907e19b15ce839b53c3ad43673211","Frontline: The Warning"
"http://ada.cinepoetics.org/resource/media/044753e69554d865d23d716554ed92cdc8a71c0845205e5a6c2c5bfc568c483c","Zocken bis der Staat hilft. Reißt uns die Finanzindustrie in den Abgrund?"
"http://ada.cinepoetics.org/resource/media/26690e20583eb3453a12d536e175ee393dfd7fa0c689a380a751b9fbb0d5dd32","Geheimakte Finanzkrise"
"http://ada.cinepoetics.org/resource/media/13dae93066ad352b60b91a760613752a88352265601921b0de5dd5af5e3b1fbf","Das Milliardenspiel. Wer hat unser Geld verzockt?"
"http://ada.cinepoetics.org/resource/media/567b71fba1d18f94a0bb4f2e06dcee89389a86766f0d5b514cec67083199aa80","Lehman. Gier frisst Herz"
"http://ada.cinepoetics.org/resource/media/39953b6ccea8c49b0a119f1715aab20818e4564cc4b2c2e8567722c9f418f1b9","Occupy Wall Street"
"http://ada.cinepoetics.org/resource/media/072067b902fe73ec598fc9ca5a4f26ce0c20c1d6b21ef27c00e74dd1cbfb2a99","The Big Short"
"http://ada.cinepoetics.org/resource/media/e343f9a750da0c469961d70cbc1811ba6daee6a9b8b66c76a3db60c3f2279bed","Meltdown: The Secret History of the Global Financial Collapse"
"http://ada.cinepoetics.org/resource/media/403bcb80aaef1f67ae49b97aee0b0d872b4525a7f3d8d021cefcb433a31157b9","Money and Speed: Inside the Blackbox"
"http://ada.cinepoetics.org/resource/media/bffce37a1a560081bdbc51e834d727609898df3d6a455e2074df6dcb01e3bc25","Reykjavik Rising"
"http://ada.cinepoetics.org/resource/media/57a276ad236a9924396744531911aafaebb3bbeb592011801872c05490c72af6","Capitalism: A Love Story"
"http://ada.cinepoetics.org/resource/media/81b4fb941f839cd46f869c7795bb0444996adf2aab5cdb5a6783b2e236ea5265","Der Geist des Geldes"
"http://ada.cinepoetics.org/resource/media/dbf7306995437f2ae84cdc99850451554e6b5e4729df142cf24b493328740dd7","Frontline: Ten Trillion and Counting"
"http://ada.cinepoetics.org/resource/media/b6585da4bda9139ffcbd1765bf24c463c25e1d923ce76af9746d2d700d86b16a","Banken außer Kontrolle"
"http://ada.cinepoetics.org/resource/media/4148cbbca9e70ae598fefc0fa09e94e32a981531fc395ab92e55cad7018f3bb0","Haus weg, Bank weg, Geld weg. Der lange Schatten der Wall Street"
"http://ada.cinepoetics.org/resource/media/8e59d18528cf881e8afe5b851c884ac8f07936e830107c19ed97fbdaf604eae2","97% Owned"
"http://ada.cinepoetics.org/resource/media/4841c127f24e1adaf6a4ba51f11ca8637c028ab99e77c3cc9a629b52ac90af76","Die große Pleite: Anatomie der Finanzkrise"
"http://ada.cinepoetics.org/resource/media/3c32dcd814c4b2593cd63484893eaab2448bbd9b264ee52f93a38e8d7daed813","The Crisis of Civilization"
"http://ada.cinepoetics.org/resource/media/d431d3cca368115451d7a941ee343cb681e9c6df372bb3b3ce6edc9c01c9cac4","The Last Days of Lehman Brothers"
"http://ada.cinepoetics.org/resource/media/b6282764476809b7b90bf15314e9288533ed04d02190dc51f7efad9475d7364c","Tagesschau 2008-10-26"
"http://ada.cinepoetics.org/resource/media/c625946437e010864bb9df99232f963c57a2df39ba0c8149fd6d6b9b065d5bc8","Tagesschau 2008-10-27"
"http://ada.cinepoetics.org/resource/media/670a99bfad0f5c4b1f416488bf66f3beba9a026f42268d54f0475656faf707b0","Tagesschau 2008-10-28"
"http://ada.cinepoetics.org/resource/media/ebf1c7a6f639e81c6fd21fd9dd1ab75a1e9394be9dcb2be883352b1d45613f2a","Tagesschau 2008-10-29"
"http://ada.cinepoetics.org/resource/media/f7860dc98de94bae1a77df06c45c65f71ce807e6d017088a59c68e56aff58e98","Tagesschau 2008-11-02"
"http://ada.cinepoetics.org/resource/media/f2b9780f4e7c50a5eeaf1109395a0f116e1b49bfedb2c1f17e3165ff5d624826","Tagesschau 2008-11-03"
"http://ada.cinepoetics.org/resource/media/4b2faa13c2a7f7e96cc2866c7fe1b68f44f50be5101eae8bf70b58207d7dcc03","Tagesschau 2008-11-04"
"http://ada.cinepoetics.org/resource/media/60cb4a606f2ad6cc730fc7b92c7ad181ff2d1d6ee46b295847126dc3cec8b023","Tagesschau 2008-11-06"
"http://ada.cinepoetics.org/resource/media/665201930f7833bceb0949ded25fca0953683ced67e653f81ccbc67828750c57","Tagesschau 2008-11-07"
"http://ada.cinepoetics.org/resource/media/559b21c1720b7904a1b4cf43f4eba2d8649abb9dbb4279cd09cf3f9fc7d7f593","Tagesschau 2008-11-08"
"http://ada.cinepoetics.org/resource/media/e7688e74ae30d7fa82b126e45914860e9830147f19cc027fdce87bf850bf2a03","Tagesschau 2008-11-12"
"http://ada.cinepoetics.org/resource/media/7625b0509f9318fa64a378a3222450a57508e7908749e85748a4f2e26c1e515d","Tagesschau 2008-11-13"
"http://ada.cinepoetics.org/resource/media/084635f4d6a0cd4640d0adf34ea2744d78d36ff564610e6089b670400db779c7","Tagesschau 2008-11-14"
"http://ada.cinepoetics.org/resource/media/f77b01e3e72254fc8167830fc384c0ebec505abd197a64195e06cf8919596015","Tagesschau 2008-11-16"
"http://ada.cinepoetics.org/resource/media/5d5f159d6321b1ce31bcf5a2bc473e3bf2fdae4dcb933a9216298fe4368b1b6c","Tagesschau 2008-11-17"
"http://ada.cinepoetics.org/resource/media/6a8cf2c895b4409d2535fb5937090c65a11c3643467d0779b4a6109b51991ed4","Tagesschau 2008-11-21"
"http://ada.cinepoetics.org/resource/media/e429dad73fa8be99be2edc1954a79fe4eee56c75b5c62bde12f8cc27c4455b11","Tagesschau 2008-11-22"
"http://ada.cinepoetics.org/resource/media/bcc5c1f3c304d874df01cb8f5f2b38eeaa46186104f32e3edbede06fd44eac9d","Tagesschau 2008-11-25"
"http://ada.cinepoetics.org/resource/media/a7d322d00910f993f014949056bb9b65d21acf3385e3d91fbe9b33ed561f2db7","Tagesschau 2008-11-28"
"http://ada.cinepoetics.org/resource/media/de2a3c4aa3d0792c9ebc5b0706176b767e7a6c1edf6df479af66f80c296054e0","Tagesschau 2008-12-01"
"http://ada.cinepoetics.org/resource/media/9d405dbd3f757bab8d68010836704f6e4cbbe15182d8d3e75ba5e5dfb8da7631","Tagesschau 2008-12-03"
"http://ada.cinepoetics.org/resource/media/ca111668519f5d43e4ed384c487ee30c6b7e159e9ed2b81e5231df64ac2a7bf6","Tagesschau 2008-12-04"
"http://ada.cinepoetics.org/resource/media/7954db6794b1556dddf3797267a08d5988bbac14a01572ea0f1130fa91fddfaf","Tagesschau 2008-12-05"
"http://ada.cinepoetics.org/resource/media/3902fde631fe098b5036fd9e96ff3979eb4ed51c538d5e3ed0fd0589a90f2aae","Tagesschau 2008-12-06"
"http://ada.cinepoetics.org/resource/media/39224d41f578e9c318acf582edfe73dd67c3e14d8a88ac853421451beebf1c1f","Tagesschau 2008-12-07"
"http://ada.cinepoetics.org/resource/media/571d4f9e9ad3aa24f8ec45f01cec9f2f17bb950e27e74c41ca561fdeba9d63d8","Tagesschau 2008-12-08"
"http://ada.cinepoetics.org/resource/media/25393e0b744ed621ce618afd222d682b8251003af4ef608a4890203c01c8e4fb","Tagesschau 2008-12-10"
"http://ada.cinepoetics.org/resource/media/a2f6159c16b91f756da2ca6b9f3429876804a3c5c66ec0b334552b1d50000116","Tagesschau 2008-12-11"
"http://ada.cinepoetics.org/resource/media/edd99b2691465401e40e2b9d0649d3330123a68309bf6e57c475ba3ff1947844","Tagesschau 2009-02-23"
"http://ada.cinepoetics.org/resource/media/0cf4f62861f760c0c201babbd9ff9bd0627e56a2b31f7c5fe581806a55af914e","Tagesschau 2009-02-24"
"http://ada.cinepoetics.org/resource/media/7cf37b2ce064d526fda0f4a50a226fee0c527aa244117f12b614c545d94232fc","Tagesschau 2009-02-25"
"http://ada.cinepoetics.org/resource/media/c24d0d44f49ce5e95309500163e55945437761d1b76abb5c55ff0d9efd08d634","Tagesschau 2009-02-26"
"http://ada.cinepoetics.org/resource/media/2429ba24daed12f22121043dea6797b78ae75338189c7736b05168cd4c35a66e","Tagesschau 2009-02-27"
"http://ada.cinepoetics.org/resource/media/e118ef7e867f0282593c332e290409da719e0ac429cd5ef197239233df18a35f","Tagesschau 2009-02-28"
"http://ada.cinepoetics.org/resource/media/80a6b922f641f8d7a7858bb037945d0354b7c3e8a95b32d0ae67d7f0501993d1","Tagesschau 2009-03-01"
"http://ada.cinepoetics.org/resource/media/85d3e7092af288e3a51454e18e070a3c7d35f5879b8545db7ea6a6a076d4439a","Tagesschau 2009-03-02"
"http://ada.cinepoetics.org/resource/media/d933b3888ef482c1a1b9bfad9b256845da952dca2d188b9b241e33b98d261d7a","Tagesschau 2009-03-03"
"http://ada.cinepoetics.org/resource/media/adef7b8e61c59e1db0f1cc75bd2c9bad55a86d935cc6cfcc833e0438fbca9775","Tagesschau 2009-03-04"
"http://ada.cinepoetics.org/resource/media/f1379e7d6d3d1c6a31968c2729ee950502aa2a9ba93037225e4a5811f84a396b","Tagesschau 2009-03-06"
"http://ada.cinepoetics.org/resource/media/cd6c49b5825e3182ec4e0acf44bef9d43b8a4f54ab6824951e011769a591d1c6","Tagesschau 2009-03-08"
"http://ada.cinepoetics.org/resource/media/9456e22c557c954333e95d4bcf08241b1720d16058756cd425fdeb7087751a66","Tagesschau 2009-03-09"
"http://ada.cinepoetics.org/resource/media/c530ff045cee798c73696b7f7f26d74a1108aa39d924fee4278c730e871c4168","Tagesschau 2009-03-10"
"http://ada.cinepoetics.org/resource/media/0c66ef153647aa986758be7ec41d5f9d44f0e063b61fecbca02d95a9a1aa6e0b","Tagesschau 2009-03-11"
"http://ada.cinepoetics.org/resource/media/9d533c3f905d991c01cf4e446568d6db9ccf637770b6664c3cec2b28b7b6ce2b","Tagesschau 2009-03-12"
"http://ada.cinepoetics.org/resource/media/e5a34d8883189126699e632e8a872a74fdf7632b69cfabe508373de55a3a4c84","Tagesschau 2009-03-13"
"http://ada.cinepoetics.org/resource/media/ff207b7ab1316e0d92ea47a6291db6e40cecd71a7bbd5037882e73f97a8a9557","Tagesschau 2009-03-14"
"http://ada.cinepoetics.org/resource/media/9c28b80aa214b51e2dae21f38be6b58e391863418bd07d18c9e0660886984abb","Tagesschau 2009-03-16"
"http://ada.cinepoetics.org/resource/media/ee12e2fcf273276eb796832628d8e4acf65004c3b1ea8a37ad28a0ce1fac0930","Tagesschau 2009-03-17"
"http://ada.cinepoetics.org/resource/media/bf6b29d209c110b6f0e3855c1b7fdbdaa886a9ec2c0c7af34eacf3852cd3cfad","Tagesschau 2009-03-18"
"http://ada.cinepoetics.org/resource/media/973dabb8f14059785953c6299a853ac0e4f5493e731b710d3691db5d62da6203","Tagesschau 2009-03-19"
"http://ada.cinepoetics.org/resource/media/0f1757754958aee095f064c952903d82c96317c6d1886364b455d64c2d0c19f3","Tagesschau 2009-03-20"
"http://ada.cinepoetics.org/resource/media/4a4f202d4c23bcd8a43b8336db267488fc3289bb6125bd33b56a77dadf60eac4","Tagesschau 2009-03-21"
"http://ada.cinepoetics.org/resource/media/eb50a720c8d053b9203df6272d5374b0c3917b95c6547fe4b37d4e6b48e0972b","Tagesschau 2009-03-22"
"http://ada.cinepoetics.org/resource/media/96c96968caf652ec4a14e0f02e0ffab6f78c30ab6a21ca8d3a8440dc063b7fc2","Tagesschau 2009-03-23"
"http://ada.cinepoetics.org/resource/media/2e5b8bf75f47c801dbe362c282e8d6afc1a15be8be56fe91d90f88dcd562e415","Tagesschau 2009-03-24"
"http://ada.cinepoetics.org/resource/media/57750faa307094f4406f4319c417fa8aa9fdea5119c12da7cc77a8a8a2306605","Tagesschau 2009-03-25"
"http://ada.cinepoetics.org/resource/media/296fac361f6df76ea1a5413fea44e1cfb89af6bb96801d761e6d8f0a57f0f9d5","Tagesschau 2009-03-26"
"http://ada.cinepoetics.org/resource/media/25e2fe1b4d250216840471d65fb9b963ee62c11ba606cfdfb924109529eb88dd","Tagesschau 2009-03-28"
"http://ada.cinepoetics.org/resource/media/1de7ac1bdb266c85338babf5dd7bb399e5398db30d18444f39464383e71b5279","Tagesschau 2009-03-29"
"http://ada.cinepoetics.org/resource/media/fe8d3c60be03c46146639dd12e44b89ab2744b5ca2f2b36afc9d15ea3428e9be","Tagesschau 2009-03-30"
"http://ada.cinepoetics.org/resource/media/1246a322f30c2617d8a5ea9f2f5aced67847898cc486b630152720a01abb3dbe","Tagesschau 2009-03-31"
"http://ada.cinepoetics.org/resource/media/4652017da7f5f50dd7264658368b5720a5601b6cad254ee74bfb396b7d0f9d5f","Tagesschau 2009-04-01"
"http://ada.cinepoetics.org/resource/media/06149bb4fc29623586753f73c8c6cd2935a82af7491235d17d15cbbca9022fb1","Tagesschau 2009-04-02"
"http://ada.cinepoetics.org/resource/media/14abed2bcf14ccb55cc695cf13e506316ec29e993db28864b038e5069f29cfc4","Tagesschau 2009-04-03"
"http://ada.cinepoetics.org/resource/media/2eaccf8e6bd495962992595b3c12c800a1b7df56b65c0c86a623c794d229ab0d","Tagesschau 2009-04-04"
"http://ada.cinepoetics.org/resource/media/cef43b525f341265e5bf705e2e0d883dc8867da712f4d18be9257eab80b02982","Tagesschau 2009-04-05"
"http://ada.cinepoetics.org/resource/media/781da4c7a5d0c0caa991c6a137d4da8a071329951919ae1baab190597e8b6813","Tagesschau 2009-04-08"
"http://ada.cinepoetics.org/resource/media/945930c2ba3f6fa7dea92b486841ac368958712e1217d975ed43d0dc821e8f3a","Tagesschau 2009-04-09"
"http://ada.cinepoetics.org/resource/media/f364b82aa42bdf9a2c3d23049d57209cf9a3ecc0edb8da46f031f953bea34691","Tagesschau 2009-04-10"
"http://ada.cinepoetics.org/resource/media/ce1ad5885d5fba0420d492ef5bc389f74e0f0bcfa36e76e7c96f9cf87e25bdb0","Tagesschau 2009-04-12"
"http://ada.cinepoetics.org/resource/media/0a3a973a27819b46dd12ad766f86c1a436c946b2f2d69d895481bc6481587d1c","Tagesschau 2009-04-13"
"http://ada.cinepoetics.org/resource/media/d218c9f7906ae00e1a24639373f316ec824cb74dfd088a956ec61468db15b01e","Tagesschau 2009-04-14"
"http://ada.cinepoetics.org/resource/media/addf0420e8643a16ee398218513fe5beafe7f69c4d194be4dcbbecd0cbc63125","Tagesschau 2009-04-15"
"http://ada.cinepoetics.org/resource/media/8e946fa423279660520a46d0c21640ee708a81be92e555027b3c8348a2433f8e","Tagesschau 2009-04-16"
"http://ada.cinepoetics.org/resource/media/74b9f7d6f39cda7b7e32afdf3843eadcd6ca17144278898d0cf81f056b20245b","Tagesschau 2009-04-17"
"http://ada.cinepoetics.org/resource/media/1fb6d95ff1814fb249e748ab38a977818a60db51a354fca81ca6f04dd890d6f2","Tagesschau 2009-04-19"
"http://ada.cinepoetics.org/resource/media/883064ae40576f6e14c9da1a293ec254a7a3bbfb7e66f0d1e544b5bedefe87ae","Tagesschau 2009-04-20"
"http://ada.cinepoetics.org/resource/media/54d72189ef9ea93b10f105a49d87641bf2c7773ba85e92ff433a08a72399844a","Tagesschau 2009-04-21"
"http://ada.cinepoetics.org/resource/media/f4fdc325fae8a3bc840f3613fde92db359e66b40bd20d29a1a0712b122b9e570","Tagesschau 2009-04-22"
"http://ada.cinepoetics.org/resource/media/f27fdfe50d7c8d2028cf90c5a83e40123dc240fdf301117f9dab22479a40180d","Tagesschau 2009-04-23"
"http://ada.cinepoetics.org/resource/media/9ba3e6b6576e368e32019e2204c86a398d9fcae3f42e389bd9c11266b1cd89d2","Tagesschau 2009-04-24"
"http://ada.cinepoetics.org/resource/media/d5ef2aec178409f6c70bc0e9f17966c33f063d0d3eadfbfe8c1ee17e35ddd4f1","Tagesschau 2009-04-25"
"http://ada.cinepoetics.org/resource/media/1ec4c33bb47f967c4141536e40d23b29f4ebf4bba7326db1b38b3b70e97ad04b","Tagesschau 2009-04-26"
"http://ada.cinepoetics.org/resource/media/261f87ea5503ce726a544b8e707f16bc8948d2cde5de9cbca6baa2a400857852","Tagesschau 2009-04-27"
"http://ada.cinepoetics.org/resource/media/5caeb0f87f9a4f42a13ee3456b792ef8b0aa66a4e37d1e4a714a1362f1edd5d2","Tagesschau 2009-04-28"
"http://ada.cinepoetics.org/resource/media/ee3caf7dac1fbc96afb5572c10ed5e4c459a5b498c2ad8516746e4364bf6cf96","Tagesschau 2009-04-29"
"http://ada.cinepoetics.org/resource/media/3a7c09aaf4dafe44b9fe05a55e57ee11e055d294b20b8bb58d5dde4fd725cb09","Tagesschau 2009-04-30"
"http://ada.cinepoetics.org/resource/media/f3fbee8458499486e1dc53f331092b7c0ef1cc85e481fe385ed58a83955e58eb","Tagesschau 2009-05-01"
"http://ada.cinepoetics.org/resource/media/d84141527dda35124f79617fe57bc39a31cd209b151be8f9d71f7bdb267fc566","Tagesschau 2009-05-02"
"http://ada.cinepoetics.org/resource/media/ef8d7137a13805cc6531a541bcdcbb3ef975c80fe719c40fe873ad1fa030b664","Tagesschau 2009-05-03"
"http://ada.cinepoetics.org/resource/media/78756201835b8845ea338e74b63436e1fc595180350fafa7fb629fca10885853","Tagesschau 2009-05-04"
"http://ada.cinepoetics.org/resource/media/fc5ed5b5f7c66c96d4326eb70141fbbd31e65dfe6dfc6bf0416a157aef305828","Tagesschau 2009-05-05"
"http://ada.cinepoetics.org/resource/media/1d998e3fe706f0572a0fc818ff35336649580117b9fa2c873d07f82b5687b228","Tagesschau 2009-05-06"
"http://ada.cinepoetics.org/resource/media/c6ea7956e6527152b5bb3c4438f55f9cc1da5ba0d3e9a7dbe8b184bb0589ba99","Tagesschau 2009-05-07"
"http://ada.cinepoetics.org/resource/media/274e09816727899770fbf23e6431023281d3ffc46db44d8ca7d707f2a6e7700a","Tagesschau 2009-05-08"
"http://ada.cinepoetics.org/resource/media/15159c5c15afcd228e4a4bdf3dd7a2eb2177ca5de582f8af8167f6c90ba8814a","Tagesschau 2009-05-09"
"http://ada.cinepoetics.org/resource/media/c3f5569998bd00dd8fd3e284752809670d19df6658dfea69214b4a759507563b","Tagesschau 2009-05-11"
"http://ada.cinepoetics.org/resource/media/ba9d580f3808e1509415e8b081eebe82ab744116fc2ab38f9d77213ce2032a10","Tagesschau 2009-05-12"
"http://ada.cinepoetics.org/resource/media/30e0a66e84c7c589d20de637672179e9d9db4c2f25a5d8a8e582d630fc905fb8","Tagesschau 2009-05-13"
"http://ada.cinepoetics.org/resource/media/ebda2fda7100b32c35c94f33588a21d4e613a2bddef196ac64a5231a21a5de90","Tagesschau 2009-05-14"
"http://ada.cinepoetics.org/resource/media/8741915f2f0895ac627126d3cca1453d6e580cf9fb39d2dbdbc4cbc8a2faadbf","Tagesschau 2009-05-15"
"http://ada.cinepoetics.org/resource/media/dd99fe0d3db580d0116c7e57960a8ba02ed91d10480b87158ad8e0980ae846b1","Tagesschau 2009-05-16"
"http://ada.cinepoetics.org/resource/media/3c99874d6c71cc10be9058dd29a8390353d96283fa61538c120ec73ff75f2e91","Tagesschau 2009-05-18"
"http://ada.cinepoetics.org/resource/media/f727884ec94aac320846127a440b973a2c94e40bd40b2a86e1e5268326b48851","Tagesschau 2009-05-19"
"http://ada.cinepoetics.org/resource/media/d85d635b3609c9526be893d1a707746989aca03376f12532e43584861e8affde","Tagesschau 2009-05-20"
"http://ada.cinepoetics.org/resource/media/f42cb528a8d43f154b964b504ae37e907d3270651ca24a20c0365a999242cc32","Tagesschau 2009-05-21"
"http://ada.cinepoetics.org/resource/media/763133926aca0cd8b1a678bfad4dec07af5bd1c29b6f8931d2a4c366ab7c1a8d","Tagesschau 2009-05-22"
"http://ada.cinepoetics.org/resource/media/7173330bf69fa9da1a7115d2c2dd94810537016b0200abf88b6172c6dffafe47","Tagesschau 2009-05-23"
"http://ada.cinepoetics.org/resource/media/3b45950b49397d56533347dce918bad30a549f65e6b69097c85fb33396e542c9","Tagesschau 2009-05-24"
"http://ada.cinepoetics.org/resource/media/3bbdd20d0dc99971004c6c4adf4a3d9a3faaa5e7f9a652b91a3117b2c769632a","Tagesschau 2009-05-25"
"http://ada.cinepoetics.org/resource/media/bfba58b30c7befce841a3a8421e5c5d9bd80a5a87f040c49e635f6a95366bac9","Tagesschau 2009-05-26"
"http://ada.cinepoetics.org/resource/media/b1cb328acc0f324448e348ee913acd8791b16c0444af257c5305c1f288b5325b","Tagesschau 2009-05-27"
"http://ada.cinepoetics.org/resource/media/3d1323473c3afcba8e5da65f2632fe9c3eb2e415a547a0ebc84f0edf0bf7d4d2","Tagesschau 2009-05-28"
"http://ada.cinepoetics.org/resource/media/11fc73dfc42c4ad21c176650c3bf036bb09b265f7a2f2067efb7e68be1eb1857","Tagesschau 2009-05-29"
"http://ada.cinepoetics.org/resource/media/00b4bebfb77a2137f854b01b44202e37e8f905dd0c28b69ad4c6562b818bc9a8","Tagesschau 2009-05-30"
"http://ada.cinepoetics.org/resource/media/00969c6b1a48b874ea9bf4699bd48bb4a271ba9e9c5245b4d2bc5f1493fa3969","Tagesschau 2009-05-31"
"http://ada.cinepoetics.org/resource/media/70884ff87ef9833ceea743d39009a4a2360dc014b3646d47b53dd5eed5396190","Tagesschau 2009-06-01"
"http://ada.cinepoetics.org/resource/media/abb36234dd0c20d9946cae60550b8b3415fac1a0badd153897a30f55141ffe00","Tagesschau 2009-06-02"
"http://ada.cinepoetics.org/resource/media/a04af58ef3b1738ff9329e391115efa0ae8841bf49e6033d01229aef25f1d3a7","Tagesschau 2009-06-03"
"http://ada.cinepoetics.org/resource/media/9785a597ee339529d8b3e49c4a96f826051345084dd35f35a8b04032864bce9d","Tagesschau 2009-06-04"
"http://ada.cinepoetics.org/resource/media/422787aa864321341d12b8afdcbae1ea9efd17be4842ccaefe9d4e26a37275ce","Tagesschau 2009-06-05"
"http://ada.cinepoetics.org/resource/media/399727dff657e8cc94388f8707259e0d807bb527e7c0e6498b3ce81619ea3aaf","Tagesschau 2009-06-06"
"http://ada.cinepoetics.org/resource/media/9e854075d695016f1461b60d3ad5872e08f4302b16e98e7af910647fe1849848","Tagesschau 2009-06-07"
"http://ada.cinepoetics.org/resource/media/72a336ff7dc7de2ee94f73f60a2450d4682cd50a9ab2823939d542ea3bc01a61","Tagesschau 2009-06-08"
"http://ada.cinepoetics.org/resource/media/ab66a23ffcb097a2d7a5d31d01a5e1858b9712c6bc4abcfa061e1d44543a0c23","Tagesschau 2009-06-09"
"http://ada.cinepoetics.org/resource/media/0790ae66b218460a82e07326a7e7ce721ea02071868adf90b1fb0228ef001f14","Tagesschau 2009-06-10"
"http://ada.cinepoetics.org/resource/media/c62c3e20cb30a132c4111c87edbbf8f758bd012ed00303ab14613ca07a456103","Tagesschau 2009-06-12"
"http://ada.cinepoetics.org/resource/media/d1b77dc5ee702e6cac2ddc895f964ba3f1db4c6eae9e7a6dd21c728a865bd6cc","Tagesschau 2009-06-15"
"http://ada.cinepoetics.org/resource/media/94c4d2f85a007601ed7cdcde805cd5965fc126d0d2c29f29ad016876fbcc012a","Tagesschau 2009-06-16"
"http://ada.cinepoetics.org/resource/media/93a510b54b2af2f23038ecff17660925b97b89d089e6075e17f1c9bac5f87994","Tagesschau 2009-06-17"
"http://ada.cinepoetics.org/resource/media/c9cc652cecd2b989eaa4096bfce5dddb4ebfd535f864b074cfd9925337a907fc","Tagesschau 2009-06-18"
"http://ada.cinepoetics.org/resource/media/5205962708ed85a249a793362f9f5c7c1ebf1700b376a1042e75cf36c5ec7eba","Tagesschau 2009-06-19"
"http://ada.cinepoetics.org/resource/media/7cf01fe8992ef1debd53e440066fcc0d496fbd8d3f6991116216f8125b5b4a59","Tagesschau 2009-06-22"
"http://ada.cinepoetics.org/resource/media/f4a591d5776090a6e09b7992288be4adc59281573030bf61f6c6cd9d8a9cb1a6","Tagesschau 2009-06-23"
"http://ada.cinepoetics.org/resource/media/5a261bffcaa47f5a333f805594d218cfc8395ec5dfff2d8ddfb7015c884a0c9e","Tagesschau 2009-06-24"
"http://ada.cinepoetics.org/resource/media/6dbe9061d30bcd51f964d4a029cc0f447f1e9a95453103b9052fb64d752217d6","Tagesschau 2009-06-25"
"http://ada.cinepoetics.org/resource/media/2a6913575e24b5e581e6fd8a659bee57abc19789349c36c4cc62b21a84bb131e","Tagesschau 2009-06-29"
"http://ada.cinepoetics.org/resource/media/6843fbf077bd989d2242b7cae343014a07b8d6505b7dbdb2f65ec63c4c0a6840","Tagesschau 2009-06-30"
"http://ada.cinepoetics.org/resource/media/d765ec568f3848e4aab7b329660fdd08a73bed7ee277a588969b5e84fbc2c8d5","Tagesschau 2009-07-01"
"http://ada.cinepoetics.org/resource/media/2000d6791c539e1e44c9c625cd34c549f043c1cdc2cc9cd28dc10897ef935a38","Tagesschau 2009-07-02"
"http://ada.cinepoetics.org/resource/media/4b0dbd5f016d366f6e429cb53b1830d30b1408644eda3e080d50455a2b260bdd","Tagesschau 2009-07-03"
"http://ada.cinepoetics.org/resource/media/7a7b0c6abd8f2ffb9ad50bbb019ed8b02fa7bc104db297fd26f7bff92f87f401","Tagesschau 2009-07-04"
"http://ada.cinepoetics.org/resource/media/0bfe040f039dec50050fa1760fc61be7866557737d077512aaca379ff6c6a5d0","Tagesschau 2009-07-07"
"http://ada.cinepoetics.org/resource/media/d944a8a6359adff9c6ccb103f007629ddb3543feab4dd8f7d3a559833f552f12","Tagesschau 2009-07-08"
"http://ada.cinepoetics.org/resource/media/293a59fdb7e8c947c8f46e34a87aa2934a9c5ae5826039e2ffadaa54ab285a13","Tagesschau 2009-07-10"
"http://ada.cinepoetics.org/resource/media/86097be8162da32ff2dce217118006119ec4bc0675611722dff18e39cb644494","Tagesschau 2009-07-11"
"http://ada.cinepoetics.org/resource/media/907e60f21747484cb25d63bd7069d91bda72a4a982239523c8469f388a97cb81","Tagesschau 2009-07-12"
"http://ada.cinepoetics.org/resource/media/aa1ab93f822884bde713b26d8ccbbd1b316dc6e7c3ae3bf6b43780df1013bd12","Tagesschau 2009-07-14"
"http://ada.cinepoetics.org/resource/media/98be1450badac57fabf90771bb6ccb4a3b027751749e270508984f57aa370738","Tagesschau 2009-07-15"
"http://ada.cinepoetics.org/resource/media/2cf7336823e0efdb1a2dd29d3c87f37942542f11680d5bb21031e9472c438cf9","Tagesschau 2009-07-16"
"http://ada.cinepoetics.org/resource/media/f1cb4206e984907e4d8a6fb1c0a5209892d95209e4500662cee0f85324c32079","Tagesschau 2009-07-17"
"http://ada.cinepoetics.org/resource/media/48ff9db1155246deb8fb8b0b4f2a2c9cc02797b3521a3a2866d77be545cc8a8e","Tagesschau 2009-07-18"
"http://ada.cinepoetics.org/resource/media/a94e08c3f2f12da8bc7629907f8aa1a0c46be46a123d6e641969ecef8939fc59","Tagesschau 2009-07-19"
"http://ada.cinepoetics.org/resource/media/fcf4440a22b624a0e5640307d006fd6283d2cbb61169142281466d92386d75cc","Tagesschau 2009-07-20"
"http://ada.cinepoetics.org/resource/media/ba4b2392d7b31de4c0fb378f4f6080208dbbb0e771b4a85f6b3eece037683360","Tagesschau 2009-07-21"
"http://ada.cinepoetics.org/resource/media/2c8b9326847a8c6cfd48244407bc3fcd0253dbd64166dc247485c429a2edd5e0","Tagesschau 2009-07-22"
"http://ada.cinepoetics.org/resource/media/0ba823635a859c82133ac90dde9c8d5d975d57ce73d882ab292dc496313d47b0","Tagesschau 2009-07-23"
"http://ada.cinepoetics.org/resource/media/9a6103d2e3718203697b48221584e63bd9c2868e593d45d302d93f08f3c828ad","Tagesschau 2009-07-24"
"http://ada.cinepoetics.org/resource/media/40436b24804e1f023ffad756716e0374befb1bf164c4349dd3a5c2544b474335","Tagesschau 2009-07-27"
"http://ada.cinepoetics.org/resource/media/62d0843ee366619aaa16e67e5a0271c407923088d2c39a0146626c9202f7c2fd","Tagesschau 2009-07-28"
"http://ada.cinepoetics.org/resource/media/3aea1efc88d99ac8cf76a938c0439e12e99cb1b26c83cb4526a4e00dbe1e7ae9","Tagesschau 2009-07-29"
"http://ada.cinepoetics.org/resource/media/5b66a59234321ef76ec1b880806fe7886b12a5de2e193548bef57c37bf66b20c","Tagesschau 2009-07-30"
"http://ada.cinepoetics.org/resource/media/45b7c7f3182fcab0d4cfad4c580e0e697539e5c8547e77ad6a495fbc2f3c062c","Tagesschau 2009-07-31"
"http://ada.cinepoetics.org/resource/media/88b1365d955b80d2d9045d534b9ce12c2b20ef30884c56d760090425149d28a3","The Party's Over: How the West Went Bust (Episode 1)"
"http://ada.cinepoetics.org/resource/media/b2ba985c5b8b57bc8a09d961056dbe5152575ec07e5b9d8e4c529dd91dc6afdf","The Forecaster"
"http://ada.cinepoetics.org/resource/media/0de4ffe8f8c9f9615f3d0921990af79080bf254ea17eef294582086bd0c0b40f","Let's Make Money"
"http://ada.cinepoetics.org/resource/media/6a27cc29a882cc7316d91b3916540d9f3ffd82cd5300ff7b83662635feb96bd8","We got fucked"
"http://ada.cinepoetics.org/resource/media/294704ee3bd55a6888235ae7721120c29522eddd3cc273cc8365fa0eef2ac56d","The Company Men"
"http://ada.cinepoetics.org/resource/media/78c8ee6f4c72e2415939bc251d18ce9f501e721d44d7dcc801b8bfe7e838d791","Casas Para Todos"
"http://ada.cinepoetics.org/resource/media/16dece48d02b7e081656e91732b65c516f051fd699c3e1fd3a9e0fc1c8a64067","The Shock Doctrine"
"http://ada.cinepoetics.org/resource/media/d80c2312523f89acc17468f589510a2d4125168f2856e8ee13a8d86807e95188","Der Fall - Wie die UBS in den Strudel der Finanzkrise geriet"
